[
  {
    "title": "track1",
    "author": "",
    "duration": 20,
    "disc-namespace": "music_disc.trackonezero",
    "model-data": 1,
    "creeper-drop": true,
    "lores": [],
    "loot-tables": [],
    "fragment-loot-tables": []
  },
  {
    "title": "track2",
    "author": "",
    "duration": 202,
    "disc-namespace": "music_disc.tracktwoone",
    "model-data": 2,
    "creeper-drop": true,
    "lores": [],
    "loot-tables": [],
    "fragment-loot-tables": []
  },
  {
    "title": "track3",
    "author": "",
    "duration": 160,
    "disc-namespace": "music_disc.trackthreetwo",
    "model-data": 3,
    "creeper-drop": true,
    "lores": [],
    "loot-tables": [],
    "fragment-loot-tables": []
  },
  {
    "title": "track4",
    "author": "",
    "duration": 228,
    "disc-namespace": "music_disc.trackfourthree",
    "model-data": 4,
    "creeper-drop": true,
    "lores": [],
    "loot-tables": [],
    "fragment-loot-tables": []
  },
  {
    "title": "track5",
    "author": "",
    "duration": 127,
    "disc-namespace": "music_disc.trackfivefour",
    "model-data": 5,
    "creeper-drop": true,
    "lores": [],
    "loot-tables": [],
    "fragment-loot-tables": []
  },
  {
    "title": "track6",
    "author": "",
    "duration": 127,
    "disc-namespace": "music_disc.tracksixfive",
    "model-data": 6,
    "creeper-drop": true,
    "lores": [],
    "loot-tables": [],
    "fragment-loot-tables": []
  },
  {
    "title": "track7",
    "author": "",
    "duration": 130,
    "disc-namespace": "music_disc.tracksevensix",
    "model-data": 7,
    "creeper-drop": true,
    "lores": [],
    "loot-tables": [],
    "fragment-loot-tables": []
  },
  {
    "title": "track8",
    "author": "",
    "duration": 278,
    "disc-namespace": "music_disc.trackeightseven",
    "model-data": 8,
    "creeper-drop": true,
    "lores": [],
    "loot-tables": [],
    "fragment-loot-tables": []
  },
  {
    "title": "track9",
    "author": "",
    "duration": 283,
    "disc-namespace": "music_disc.tracknineeight",
    "model-data": 9,
    "creeper-drop": true,
    "lores": [],
    "loot-tables": [],
    "fragment-loot-tables": []
  },
  {
    "title": "track10",
    "author": "",
    "duration": 173,
    "disc-namespace": "music_disc.trackonezeronine",
    "model-data": 10,
    "creeper-drop": true,
    "lores": [],
    "loot-tables": [],
    "fragment-loot-tables": []
  },
  {
    "title": "track11",
    "author": "",
    "duration": 106,
    "disc-namespace": "music_disc.trackoneoneonezero",
    "model-data": 11,
    "creeper-drop": true,
    "lores": [],
    "loot-tables": [],
    "fragment-loot-tables": []
  },
  {
    "title": "track12",
    "author": "",
    "duration": 187,
    "disc-namespace": "music_disc.trackonetwooneone",
    "model-data": 12,
    "creeper-drop": true,
    "lores": [],
    "loot-tables": [],
    "fragment-loot-tables": []
  },
  {
    "title": "track13",
    "author": "",
    "duration": 228,
    "disc-namespace": "music_disc.trackonethreeonetwo",
    "model-data": 13,
    "creeper-drop": true,
    "lores": [],
    "loot-tables": [],
    "fragment-loot-tables": []
  },
  {
    "title": "track14",
    "author": "",
    "duration": 204,
    "disc-namespace": "music_disc.trackonefouronethree",
    "model-data": 14,
    "creeper-drop": true,
    "lores": [],
    "loot-tables": [],
    "fragment-loot-tables": []
  },
  {
    "title": "track14",
    "author": "",
    "duration": 133,
    "disc-namespace": "music_disc.trackonefouronefour",
    "model-data": 15,
    "creeper-drop": true,
    "lores": [],
    "loot-tables": [],
    "fragment-loot-tables": []
  },
  {
    "title": "track15",
    "author": "",
    "duration": 164,
    "disc-namespace": "music_disc.trackonefiveonefive",
    "model-data": 16,
    "creeper-drop": true,
    "lores": [],
    "loot-tables": [],
    "fragment-loot-tables": []
  },
  {
    "title": "track16",
    "author": "",
    "duration": 237,
    "disc-namespace": "music_disc.trackonesixonesix",
    "model-data": 17,
    "creeper-drop": true,
    "lores": [],
    "loot-tables": [],
    "fragment-loot-tables": []
  }
]