msmarlin,3d3496b2-d3c7-4c2b-b172-64e21748c7f7
wbean007,b07a2dde-797a-42a6-8bdd-427a2be0e628
rhythm8503,022e62da-c892-4b67-8918-5cc398115e69
revaalt,3eb27324-878c-40fd-bf93-d559bf6cf063
bee_mp3,cfd66c88-6297-430f-8f8c-ef1b330d1c3d
sam__mas,30c797f7-a264-466b-bfbc-ca64e3cdc760
gopee360,7ff0fecd-c4ef-46ae-b334-301e1e4d46ea
optimustj04,fc943cd5-1dc2-4eb3-92a1-e0666601d456
oxiscoxi,2e78fb54-6c79-41a5-86e6-a00a224a1f01
kaciisnotonfire,5369227d-b31e-45c3-b99d-0127051019db
jar_of_jam69,251dac71-2bb8-45a4-8184-0e40cef9c248
irshlay,31e49468-da96-47b0-ad5f-04927d91a4bd
pluto_rights,fcef53df-d285-4228-b2b1-90a7153cb3a3
hairball5,77d75e35-9850-4c2c-b7dc-7f6f89bb00da
jahonfroy123,dd930365-0811-4060-bc4a-add87c3a3323
starite,bec95723-e26b-42e1-8a3b-66985bb3716f
rebbebba,24417846-d5ed-4608-ae7a-ed643b41c5e1
dare2bestoopid,8caa6ae6-1fdb-4cd0-834d-fd8d89fa102f
shartnus,0b6078d3-4963-4c48-8edb-ec19bf6ac303
hiryans,fb537e91-c69a-4396-ba85-925211a5cd6b
amitskistan,d55c6416-fbea-4aea-a5b0-9e2a71f80815
bluecorbeau,901184ce-47eb-424e-a1ce-f3c5ccab7b08
artichoke76,34c5306a-3715-4a1f-b0da-bf991ec287ec
dylan1233150,f34a171e-3f10-458b-ac49-223beaf4816d
_s3ga,ecfcd0ae-a916-4784-9bf2-b1203a99f4c9
bosstaco523,640db4a7-1435-46a3-b2c0-4ddb96630600
_sega,7cccc7b7-19e2-496c-a982-d61f85439535
am3elia_,72a0125c-f128-4d87-9494-b359772eddcb
the_stew,643a9c3a-2680-46f9-af81-618280edfa97
supreme_banana69,4c676e76-b664-483d-9607-4ff34c9ccc11
_superpizza1072,00000000-0000-0000-0009-01f8d5d1f78d
chuggaftw,78ea33f1-b577-42bc-b047-73f94f02e30f
grunksly,285c0bbf-acc8-42da-bb1f-ed4231de0ee9
