{
  "name": "gourmet:roads",
  "fallback": "minecraft:empty",
  "elements": [
    {
      "weight": 7,
      "element": {
        "location": "gourmet:road",
        "processors": "minecraft:empty",
		"projection": "rigid",
        "element_type": "minecraft:single_pool_element"
      }
    },
    {	
      "weight": 2,
      "element": {
        "location": "gourmet:roadhome",
        "processors": "minecraft:empty",
		"projection": "rigid",
        "element_type": "minecraft:single_pool_element"
      }
    },
    {	
      "weight": 1,
      "element": {
        "location": "gourmet:roadt",
        "processors": "minecraft:empty",
		"projection": "rigid",
        "element_type": "minecraft:single_pool_element"
      }
    },
    {	
      "weight": 2,
      "element": {
        "location": "gourmet:roadx",
        "processors": "minecraft:empty",
		"projection": "rigid",
        "element_type": "minecraft:single_pool_element"
      }
    },
        {	
      "weight": 1,
      "element": {
        "location": "gourmet:roadturn",
        "processors": "minecraft:empty",
		"projection": "rigid",
        "element_type": "minecraft:single_pool_element"
      }
    }
  ]
}