{
  "parent": "item/generated",
  "textures": {
    "layer0": "item/disc_fragment_5"
  },
  "overrides": [
    {
      "predicate": {
        "custom_model_data": 1
      },
      "model": "item/fragment_sexinminecraftvargskelethorzero"
    },
    {
      "predicate": {
        "custom_model_data": 2
      },
      "model": "item/fragment_sexinminecraftvargskelethorone"
    },
    {
      "predicate": {
        "custom_model_data": 3
      },
      "model": "item/fragment_sexinminecraftvargskelethortwo"
    },
    {
      "predicate": {
        "custom_model_data": 4
      },
      "model": "item/fragment_sexinminecraftvargskelethorthree"
    },
    {
      "predicate": {
        "custom_model_data": 5
      },
      "model": "item/fragment_sexinminecraftvargskelethorfour"
    },
    {
      "predicate": {
        "custom_model_data": 6
      },
      "model": "item/fragment_sexinminecraftvargskelethorfive"
    },
    {
      "predicate": {
        "custom_model_data": 7
      },
      "model": "item/fragment_sexinminecraftvargskelethorsix"
    },
    {
      "predicate": {
        "custom_model_data": 8
      },
      "model": "item/fragment_sexinminecraftvargskelethorseven"
    },
    {
      "predicate": {
        "custom_model_data": 9
      },
      "model": "item/fragment_sexinminecraftvargskelethoreight"
    }
  ]
}