{
  "parent": "item/generated",
  "textures": {
    "layer0": "item/music_disc_11"
  },
  "overrides": [
    {
      "predicate": {
        "custom_model_data": 1
      },
      "model": "item/music_disc_sexinminecraftvargskelethorzero"
    },
    {
      "predicate": {
        "custom_model_data": 2
      },
      "model": "item/music_disc_sexinminecraftvargskelethorone"
    },
    {
      "predicate": {
        "custom_model_data": 3
      },
      "model": "item/music_disc_sexinminecraftvargskelethortwo"
    },
    {
      "predicate": {
        "custom_model_data": 4
      },
      "model": "item/music_disc_sexinminecraftvargskelethorthree"
    },
    {
      "predicate": {
        "custom_model_data": 5
      },
      "model": "item/music_disc_sexinminecraftvargskelethorfour"
    },
    {
      "predicate": {
        "custom_model_data": 6
      },
      "model": "item/music_disc_sexinminecraftvargskelethorfive"
    },
    {
      "predicate": {
        "custom_model_data": 7
      },
      "model": "item/music_disc_sexinminecraftvargskelethorsix"
    },
    {
      "predicate": {
        "custom_model_data": 8
      },
      "model": "item/music_disc_sexinminecraftvargskelethorseven"
    },
    {
      "predicate": {
        "custom_model_data": 9
      },
      "model": "item/music_disc_sexinminecraftvargskelethoreight"
    }
  ]
}