{
  "music_disc.sexinminecraftvargskelethorzero": {
    "sounds": [
      {
        "name": "records/sexinminecraftvargskelethorzero",
        "stream": true
      }
    ]
  },
  "music_disc.sexinminecraftvargskelethorone": {
    "sounds": [
      {
        "name": "records/sexinminecraftvargskelethorone",
        "stream": true
      }
    ]
  },
  "music_disc.sexinminecraftvargskelethortwo": {
    "sounds": [
      {
        "name": "records/sexinminecraftvargskelethortwo",
        "stream": true
      }
    ]
  },
  "music_disc.sexinminecraftvargskelethorthree": {
    "sounds": [
      {
        "name": "records/sexinminecraftvargskelethorthree",
        "stream": true
      }
    ]
  },
  "music_disc.sexinminecraftvargskelethorfour": {
    "sounds": [
      {
        "name": "records/sexinminecraftvargskelethorfour",
        "stream": true
      }
    ]
  },
  "music_disc.sexinminecraftvargskelethorfive": {
    "sounds": [
      {
        "name": "records/sexinminecraftvargskelethorfive",
        "stream": true
      }
    ]
  },
  "music_disc.sexinminecraftvargskelethorsix": {
    "sounds": [
      {
        "name": "records/sexinminecraftvargskelethorsix",
        "stream": true
      }
    ]
  },
  "music_disc.sexinminecraftvargskelethorseven": {
    "sounds": [
      {
        "name": "records/sexinminecraftvargskelethorseven",
        "stream": true
      }
    ]
  },
  "music_disc.sexinminecraftvargskelethoreight": {
    "sounds": [
      {
        "name": "records/sexinminecraftvargskelethoreight",
        "stream": true
      }
    ]
  }
}